

insert into CARD(card_id, cardname, image) VALUES
                                               ('999995551', 'Alfa Romeo Guilietta','https://images.unsplash.com/photo-1577494998472-199727fdc041?crop=entropy&cs=tinysrgb&fm=jpg&ixid=MnwzMjc2MzR8MHwxfHNlYXJjaHw1MXx8QWxmYSUyMFJvbWVvfGVufDB8fHx8MTY1MzQ4MTAzNA&ixlib=rb-1.2.1&q=80'),
                                               ('999995552', 'Bugatti Veyron','https://images.unsplash.com/photo-1544636331-e26879cd4d9b?crop=entropy&cs=tinysrgb&fm=jpg&ixid=MnwzMjc2MzR8MHwxfHNlYXJjaHwyNHx8QnVnYXR0aSUyMFZleXJvbnxlbnwwfHx8fDE2NTM0ODA5NzE&ixlib=rb-1.2.1&q=80'),
                                               ('999995553', 'La Ferrari','https://images.unsplash.com/photo-1627667928346-5fc86d099a5c?crop=entropy&cs=tinysrgb&fm=jpg&ixid=MnwzMjc2MzR8MHwxfHNlYXJjaHw5fHxMYSUyMEZlcnJhcml8ZW58MHx8fHwxNjUzNDc3MTQx&ixlib=rb-1.2.1&q=80'),
                                               ('999995568', 'Lotus Super 7','https://images.unsplash.com/photo-1632638455804-98ca853765ce?crop=entropy&cs=tinysrgb&fm=jpg&ixid=MnwzMjc2MzR8MHwxfHNlYXJjaHwxNXx8TG90dXMlMjBTdXBlciUyMDd8ZW58MHx8fHwxNjUzNDc3MTYw&ixlib=rb-1.2.1&q=80'),
                                               ('999995569', 'Audi R8','https://images.unsplash.com/photo-1563339018-51d1ef22f402?crop=entropy&cs=tinysrgb&fm=jpg&ixid=MnwzMjc2MzR8MHwxfHNlYXJjaHw4fHxBdWRpJTIwUjh8ZW58MHx8fHwxNjUzNDc3MTgz&ixlib=rb-1.2.1&q=80'),
                                               ('999995570', 'Tesla Model X','https://images.unsplash.com/photo-1560591199-cb0edbb6f491?crop=entropy&cs=tinysrgb&fm=jpg&ixid=MnwzMjc2MzR8MHwxfHNlYXJjaHwxNHx8VGVzbGElMjBtb2RlbCUyMFh8ZW58MHx8fHwxNjUzNDc5OTI2&ixlib=rb-1.2.1&q=80'),
                                               ('999995571','Porsche 918 Spyder','https://images.unsplash.com/photo-1596450886763-6f9b7f3cbd0a?crop=entropy&cs=tinysrgb&fm=jpg&ixid=MnwzMjc2MzR8MHwxfHNlYXJjaHwxOHx8UG9yc2NoZSUyMDkxOCUyMFNweWRlcnxlbnwwfHx8fDE2NTM0Nzk5NzM&ixlib=rb-1.2.1&q=80'),
                                               ('999995572','F1 Car Mercedes','https://images.unsplash.com/photo-1532906619279-a4b7267faa66?crop=entropy&cs=tinysrgb&fm=jpg&ixid=MnwzMjc2MzR8MHwxfHNlYXJjaHwxfHxGMXxlbnwwfHx8fDE2NTM0Nzk5OTQ&ixlib=rb-1.2.1&q=80'),
                                               ('999995573','Toyota Prius','https://images.unsplash.com/photo-1627028410682-5f777d6ebf13?crop=entropy&cs=tinysrgb&fm=jpg&ixid=MnwzMjc2MzR8MHwxfHNlYXJjaHw3fHxUb3lvdGElMjBwcml1c3xlbnwwfHx8fDE2NTM0ODAwMDg&ixlib=rb-1.2.1&q=80'),
                                               ('999995574','Hyundai Ioniq 5','https://images.unsplash.com/photo-1647418552401-f3958302b72a?crop=entropy&cs=tinysrgb&fm=jpg&ixid=MnwzMjc2MzR8MHwxfHNlYXJjaHwxfHxIeXVuZGFpJTIwSW9uaXF8ZW58MHx8fHwxNjUzNDgwMDMz&ixlib=rb-1.2.1&q=80'),
                                               ('999995575','Kia EV6','https://images.unsplash.com/photo-1646894181043-8199fd3621e3?crop=entropy&cs=tinysrgb&fm=jpg&ixid=MnwzMjc2MzR8MHwxfHNlYXJjaHw0fHxLaWElMjBFdjZ8ZW58MHx8fHwxNjUzNDgwMDU0&ixlib=rb-1.2.1&q=80'),
                                               ('999995576','Porsche 911','https://images.unsplash.com/photo-1501289258683-e42b804f7fa2?crop=entropy&cs=tinysrgb&fm=jpg&ixid=MnwzMjc2MzR8MHwxfHNlYXJjaHwyM3x8UG9yc2NoZSUyMDkxMXxlbnwwfHx8fDE2NTM0ODAxMDE&ixlib=rb-1.2.1&q=80'),
                                               ('999995577','Lamborghini Aventador SVJ','https://images.unsplash.com/photo-1530906358829-e84b2769270f?crop=entropy&cs=tinysrgb&fm=jpg&ixid=MnwzMjc2MzR8MHwxfHNlYXJjaHw0fHxMYW1ib3JnaGluaSUyMEF2ZW50YWRvcnxlbnwwfHx8fDE2NTM0ODAxNjI&ixlib=rb-1.2.1&q=80'),
                                               ('999995578','Koenigsegg Regera','https://images.unsplash.com/photo-1600711005890-8aaa39913924?crop=entropy&cs=tinysrgb&fm=jpg&ixid=MnwzMjc2MzR8MHwxfHNlYXJjaHwyfHxLb2VuaWdnc2VnZyUyMHJlZ2VyYXxlbnwwfHx8fDE2NTM0ODAxODc&ixlib=rb-1.2.1&q=80'),
                                               ('999995579','Hindustan Ambassador','https://images.unsplash.com/photo-1534601135412-16737e74d914?crop=entropy&cs=tinysrgb&fm=jpg&ixid=MnwzMjc2MzR8MHwxfHNlYXJjaHwxMHx8SGluZHVzdGFuJTIwQW1iYXNzYWRvcnxlbnwwfHx8fDE2NTM0ODAyMjE&ixlib=rb-1.2.1&q=80'),
                                               ('999995580','Lamborghini Huracan Evo','https://images.unsplash.com/photo-1511919884226-fd3cad34687c?crop=entropy&cs=tinysrgb&fm=jpg&ixid=MnwzMjc2MzR8MHwxfHNlYXJjaHwxMXx8TGFtYm9yZ2hpbmklMjBIdXJhY2FufGVufDB8fHx8MTY1MzQ4MDI0NA&ixlib=rb-1.2.1&q=80'),
                                               ('999995581','Audi Q4','https://images.unsplash.com/photo-1626075195920-5df44dc27674?crop=entropy&cs=tinysrgb&fm=jpg&ixid=MnwzMjc2MzR8MHwxfHNlYXJjaHwyfHxBdWRpJTIwUTR8ZW58MHx8fHwxNjUzNDgwMjYz&ixlib=rb-1.2.1&q=80'),
                                               ('999995582','Jeep Cherokee','https://images.unsplash.com/photo-1606593954926-63c8b212ed6e?crop=entropy&cs=tinysrgb&fm=jpg&ixid=MnwzMjc2MzR8MHwxfHNlYXJjaHw3fHxKZWVwJTIwQ2hlcm9rZWV8ZW58MHx8fHwxNjUzNDgwMjgz&ixlib=rb-1.2.1&q=80'),
                                               ('999995583','Fiat Panda','https://images.unsplash.com/photo-1651569243425-521002b9054d?crop=entropy&cs=tinysrgb&fm=jpg&ixid=MnwzMjc2MzR8MHwxfHNlYXJjaHw2fHxGaWF0JTIwUGFuZGF8ZW58MHx8fHwxNjUzNDgwMzE1&ixlib=rb-1.2.1&q=80'),
                                               ('999995584','Lada Riva','https://images.unsplash.com/photo-1633077065084-073e783688c2?crop=entropy&cs=tinysrgb&fm=jpg&ixid=MnwzMjc2MzR8MHwxfHNlYXJjaHwzOXx8TGFkYXxlbnwwfHx8fDE2NTM0ODAzNzI&ixlib=rb-1.2.1&q=80'),
                                               ('999995585','Dodge Demon','https://images.unsplash.com/photo-1585601265902-7d1de61a162a?crop=entropy&cs=tinysrgb&fm=jpg&ixid=MnwzMjc2MzR8MHwxfHNlYXJjaHwyMHx8RG9kZ2UlMjBEZW1vbnxlbnwwfHx8fDE2NTM0ODA0MTI&ixlib=rb-1.2.1&q=80'),
                                               ('999995586','Ford Mustang','https://images.unsplash.com/photo-1494976388531-d1058494cdd8?crop=entropy&cs=tinysrgb&fm=jpg&ixid=MnwzMjc2MzR8MHwxfHNlYXJjaHw0fHxGb3JkJTIwbXVzdGFuZ3xlbnwwfHx8fDE2NTM0ODA0NDQ&ixlib=rb-1.2.1&q=80'),
                                               ('999995587','Nissan GT-R NISMO','https://images.unsplash.com/photo-1630255854392-6f24e1f1c7f9?crop=entropy&cs=tinysrgb&fm=jpg&ixid=MnwzMjc2MzR8MHwxfHNlYXJjaHwzMHx8Tmlzc2FuJTIwR1RSfGVufDB8fHx8MTY1MzQ4MDUyMg&ixlib=rb-1.2.1&q=80');




insert into STAT(stat_id, statname, stattype, statvalue, valuestypes) VALUES
                                                                          ('999995554', 'Coolness', '0', null, null),
                                                                          ('999995555', 'Environment Friendly', '0',null, null),
                                                                          ('999995556', 'Top Speed', '2', null, 'KM/H'),
                                                                          ('999995557', 'Acceleration: 0-100 KM/H', '2', null, 'sek');





insert into STAT(stat_id, statname, stattype, statvalue, valuestypes) VALUES
                                                                          ('999995588', 'Coolness', '0',2,null),
                                                                          ('999995589', 'Environment Friendly', '0',3,null),
                                                                          ('999995590', 'Top Speed', '2',186,'KM/H'),
                                                                          ('999995591', 'Acceleration: 0-100 KM/H', '2',10.9,'sek'),

                                                                          ('999995592', 'Coolness', '0',4,null),
                                                                          ('999995593', 'Environment Friendly', '0',1,null),
                                                                          ('999995594', 'Top Speed', '2',408.47,'KM/H'),
                                                                          ('999995595', 'Acceleration: 0-100 KM/H', '2',2.46,'sek'),

                                                                          ('999995596', 'Coolness', '0',5,null),
                                                                          ('999995597', 'Environment Friendly', '0',1,null),
                                                                          ('999995598', 'Top Speed', '2', 352,'KM/H'),
                                                                          ('999995599', 'Acceleration: 0-100 KM/H', '2', 2.6,'sek'),

                                                                          ('999995600', 'Coolness', '0',5,null),
                                                                          ('999995601', 'Environment Friendly', '0','1',null),
                                                                          ('999995602', 'Top Speed', '2', 140,'KM/H'),
                                                                          ('999995603', 'Acceleration: 0-100 KM/H', '2',7,'sek'),

                                                                          ('999995604', 'Coolness', '0', 4,null),
                                                                          ('999995605', 'Environment Friendly', '0', 2,null),
                                                                          ('999995606', 'Top Speed', '2', 330,'KM/H'),
                                                                          ('999995607', 'Acceleration: 0-100 KM/H', '2', 3.5,'sek'),

                                                                          ('999995608', 'Coolness', '0', 2,null),
                                                                          ('999995609', 'Environment Friendly', '0', 5,null),
                                                                          ('999995610', 'Top Speed', '2', 250,'KM/H'),
                                                                          ('999995611', 'Acceleration: 0-100 KM/H', '2', 2.6,'sek'),

                                                                          ('999995612', 'Coolness', '0',5,null),
                                                                          ('999995613', 'Environment Friendly', '0', 4,null),
                                                                          ('999995614', 'Top Speed', '2', 345,'KM/H'),
                                                                          ('999995615', 'Acceleration: 0-100 KM/H', '2', 2.5,'sek'),

                                                                          ('999995616', 'Coolness', '0',4, null),
                                                                          ('999995617', 'Environment Friendly', '0', 1,null),
                                                                          ('999995618', 'Top Speed', '2',370,'KM/H'),
                                                                          ('999995619', 'Acceleration: 0-100 KM/H', '2', 1.7,'sek'),

                                                                          ('999995620', 'Coolness', '0',1,null),
                                                                          ('999995621', 'Environment Friendly', '0',4,null),
                                                                          ('999995622', 'Top Speed', '2',170,'KM/H'),
                                                                          ('999995623', 'Acceleration: 0-100 KM/H', '2',12.5,'sek'),

                                                                          ('999995624', 'Coolness', '0',2,null),
                                                                          ('999995625', 'Environment Friendly', '0',3,null),
                                                                          ('999995626', 'Top Speed', '2', 185,'KM/H'),
                                                                          ('999995627', 'Acceleration: 0-100 KM/H', '2',10.8,'sek'),

                                                                          ('999995628', 'Coolness', '0', 2, null),
                                                                          ('999995629', 'Environment Friendly', '0', 5, null),
                                                                          ('999995630', 'Top Speed', '2',185,'KM/H'),
                                                                          ('999995631', 'Acceleration: 0-100 KM/H', '2',8.5,'sek'),

                                                                          ('999995632', 'Coolness', '0', 4,null),
                                                                          ('999995633', 'Environment Friendly', '0', 2,null),
                                                                          ('999995634', 'Top Speed', '2', 280,'KM/H'),
                                                                          ('999995635', 'Acceleration: 0-100 KM/H', '2', 5.1,'sek'),

                                                                          ('999995636', 'Coolness', '0', 4,null),
                                                                          ('999995637', 'Environment Friendly', '0',1,null),
                                                                          ('999995638', 'Top Speed', '2', 350,'KM/H'),
                                                                          ('999995639', 'Acceleration: 0-100 KM/H', '2',2.8,'sek'),

                                                                          ('999995640', 'Coolness', '0',5,null),
                                                                          ('999995641', 'Environment Friendly', '0', 1,null),
                                                                          ('999995642', 'Top Speed', '2', 400,'KM/H'),
                                                                          ('999995643', 'Acceleration: 0-100 KM/H', '2',2.8,'sek'),

                                                                          ('999995644', 'Coolness', '0', 3,null),
                                                                          ('999995645', 'Environment Friendly', '0',3,null),
                                                                          ('999995646', 'Top Speed', '2',129,'KM/H'),
                                                                          ('999995647', 'Acceleration: 0-100 KM/H', '2',28,'sek'),

                                                                          ('999995648', 'Coolness', '0', 4,null),
                                                                          ('999995649', 'Environment Friendly', '0',1,null),
                                                                          ('999995650', 'Top Speed', '2', 325,'KM/H'),
                                                                          ('999995651', 'Acceleration: 0-100 KM/H', '2', 3.3,'sek'),

                                                                          ('999995652', 'Coolness', '0', 3,null),
                                                                          ('999995653', 'Environment Friendly', '0',5,null),
                                                                          ('999995654', 'Top Speed', '2', 160,'KM/H'),
                                                                          ('999995655', 'Acceleration: 0-100 KM/H', '2', 9,'sek'),

                                                                          ('999995656', 'Coolness', '0',3,null),
                                                                          ('999995657', 'Environment Friendly', '0', 2,null),
                                                                          ('999995658', 'Top Speed', '2',180,'KM/H'),
                                                                          ('999995659', 'Acceleration: 0-100 KM/H', '2',9.5,'sek'),

                                                                          ('999995660', 'Coolness', '0', 1,null),
                                                                          ('999995661', 'Environment Friendly', '0', 3,null),
                                                                          ('999995662', 'Top Speed', '2',164,'KM/H'),
                                                                          ('999995663', 'Acceleration: 0-100 KM/H', '2', 14.5,'sek'),

                                                                          ('999995664', 'Coolness', '0',5,null),
                                                                          ('999995665', 'Environment Friendly', '0', 2,null),
                                                                          ('999995666', 'Top Speed', '2', 143,'KM/H'),
                                                                          ('999995667', 'Acceleration: 0-100 KM/H', '2',17,'sek'),

                                                                          ('999995668', 'Coolness', '0', 4,null),
                                                                          ('999995669', 'Environment Friendly', '0', 1,null),
                                                                          ('999995670', 'Top Speed', '2', 320,'KM/H'),
                                                                          ('999995671', 'Acceleration: 0-100 KM/H', '2', 2.3,'sek'),

                                                                          ('999995672', 'Coolness', '0',5,null),
                                                                          ('999995673', 'Environment Friendly', '0',2,null),
                                                                          ('999995674', 'Top Speed', '2',250,'KM/H'),
                                                                          ('999995675', 'Acceleration: 0-100 KM/H', '2',5.1,'sek'),

                                                                          ('999995676', 'Coolness', '0',5,null),
                                                                          ('999995677', 'Environment Friendly', '0',1,null),
                                                                          ('999995678', 'Top Speed', '2',330,'KM/H'),
                                                                          ('999995679', 'Acceleration: 0-100 KM/H', '2',2.5,'sek');









insert into CARD_CARDSTATS(card_card_id, cardstats_stat_id) VALUES

                                                                ('999995551', '999995588'),
                                                                ('999995551', '999995589' ),
                                                                ('999995551', '999995590' ),
                                                                ('999995551', '999995591' ),
                                                                ('999995552', '999995592' ),
                                                                ('999995552', '999995593' ),
                                                                ('999995552', '999995594' ),
                                                                ('999995552', '999995595' ),
                                                                ('999995553', '999995596' ),
                                                                ('999995553', '999995597' ),
                                                                ('999995553', '999995598' ),
                                                                ('999995553', '999995599' ),

                                                                 ('999995568','999995600'),
                                                                 ('999995568','999995601'),
                                                                 ('999995568','999995602'),
                                                                 ('999995568','999995603'),
                                                                 ('999995569','999995604'),
                                                                 ('999995569','999995605'),
                                                                 ('999995569','999995606'),
                                                                 ('999995569','999995607'),
                                                                 ('999995570','999995608'),
                                                                 ('999995570','999995609'),
                                                                 ('999995570','999995610'),
                                                                 ('999995570','999995611'),
                                                                 ('999995571','999995612'),
                                                                 ('999995571','999995613'),
                                                                 ('999995571','999995614'),
                                                                 ('999995571','999995615'),
                                                                 ('999995572','999995616'),
                                                                 ('999995572','999995617'),
                                                                 ('999995572','999995618'),
                                                                 ('999995572','999995619'),
                                                                 ('999995573','999995620'),
                                                                 ('999995573','999995621'),
                                                                 ('999995573','999995622'),
                                                                 ('999995573','999995623'),
                                                                 ('999995574','999995624'),
                                                                 ('999995574','999995625'),
                                                                 ('999995574','999995626'),
                                                                 ('999995574','999995627'),
                                                                 ('999995575','999995628'),
                                                                 ('999995575','999995629'),
                                                                 ('999995575','999995630'),
                                                                 ('999995575','999995631'),
                                                                 ('999995576','999995632'),
                                                                 ('999995576','999995633'),
                                                                 ('999995576','999995634'),
                                                                 ('999995576','999995635'),
                                                                 ('999995577','999995636'),
                                                                 ('999995577','999995637'),
                                                                 ('999995577','999995638'),
                                                                 ('999995577','999995639'),

                                                                 ('999995578','999995640'),
                                                                 ('999995578','999995641'),
                                                                 ('999995578','999995642'),
                                                                 ('999995578','999995643'),
                                                                 ('999995579','999995644'),
                                                                 ('999995579','999995645'),
                                                                 ('999995579','999995646'),
                                                                 ('999995579','999995647'),
                                                                 ('999995580','999995648'),
                                                                 ('999995580','999995649'),
                                                                 ('999995580','999995650'),
                                                                 ('999995580','999995651'),
                                                                 ('999995581','999995652'),
                                                                 ('999995581','999995653'),
                                                                 ('999995581','999995654'),
                                                                 ('999995581','999995655'),
                                                                 ('999995582','999995656'),
                                                                 ('999995582','999995657'),
                                                                 ('999995582','999995658'),
                                                                 ('999995582','999995659'),
                                                                 ('999995583','999995660'),
                                                                 ('999995583','999995661'),
                                                                 ('999995583','999995662'),
                                                                 ('999995583','999995663'),
                                                                 ('999995584','999995664'),
                                                                 ('999995584','999995665'),
                                                                 ('999995584','999995666'),
                                                                 ('999995584','999995667'),
                                                                 ('999995585','999995668'),
                                                                 ('999995585','999995669'),
                                                                 ('999995585','999995670'),
                                                                 ('999995585','999995671'),
                                                                 ('999995586','999995672'),
                                                                 ('999995586','999995673'),
                                                                 ('999995586','999995674'),
                                                                 ('999995586','999995675'),
                                                                 ('999995587','999995676'),
                                                                 ('999995587','999995677'),
                                                                 ('999995587','999995678'),
                                                                 ('999995587','999995679');



















insert into TEMPLATE(template_id) VALUES
    ('999995566');

insert into TEMPLATE_TEMPLATESTATS(template_template_id, templatestats_stat_id) VALUES
                                                                                    ('999995566', '999995554' ),
                                                                                    ('999995566', '999995555' ),
                                                                                    ('999995566', '999995556' ),
                                                                                    ('999995566', '999995557');




insert into DECK(deck_id , deckname, deckstatus, template_template_id, deck_image) VALUES
    ( '999995567', 'DeckName999995567','1', '999995566' ,'https://images.unsplash.com/photo-1579762593217-46655e4e7efc?crop=entropy&cs=tinysrgb&fm=jpg&ixid=MnwzMjc2MzR8MHwxfHNlYXJjaHwyN3x8Q2Fyc3xlbnwwfHx8fDE2NTM0ODA4ODI&ixlib=rb-1.2.1&q=80');


insert into DECK_CARD_LIST(deck_deck_id, card_list_card_id) VALUES

                                                                ('999995567','999995551'),
                                                                ('999995567','999995552'),
                                                                ('999995567','999995553'),
                                                                ('999995567','999995568'),
                                                                ('999995567','999995569'),
                                                                ('999995567','999995570'),
                                                                ('999995567','999995571'),
                                                                ('999995567','999995572'),
                                                                ('999995567','999995573'),
                                                                ('999995567','999995574'),
                                                                ('999995567','999995575'),
                                                                ('999995567','999995576'),
                                                                ('999995567','999995577'),
                                                                ('999995567','999995578'),
                                                                ('999995567','999995579'),
                                                                ('999995567','999995580'),
                                                                ('999995567','999995581'),
                                                                ('999995567','999995582'),
                                                                ('999995567','999995583'),
                                                                ('999995567','999995584'),
                                                                ('999995567','999995585'),
                                                                ('999995567','999995586'),
                                                                ('999995567','999995587');




