

insert into CARD(card_id, cardname, image) VALUES
    ('51', 'Cardname51','randomimage51'),
    ('52', 'Cardname52','randomimage52'),
    ('53', 'Cardname53','randomimage53');




insert into STAT(stat_id, statname, stattype, statvalue, valuestypes) VALUES
    ('54', 'StatName1', '0', null,null),
    ('55', 'StatName2', '1',null, null),
    ('56', 'StatName3', '2', null, '1');





insert into STAT(stat_id, statname, stattype, statvalue, valuestypes) VALUES
   ('57', 'StatName1', '0','5',null),
   ('58', 'StatName2', '1','10',null),
   ('59', 'StatName3', '2','100','1'),
   ('60', 'StatName1', '0', '2',null),
   ('61', 'StatName2', '1','12',null ),
   ('62', 'StatName3', '2','50','1'),
   ('63', 'StatName1', '0', '5',null),
   ('64', 'StatName2', '1','8',null),
   ('65', 'StatName3', '2','20','1');


insert into CARD_CARDSTATS(card_card_id, cardstats_stat_id) VALUES
                                                                ('51', '57'),
                                                                ( '51', '58' ),
                                                                ( '51', '59' ),
                                                                ( '52', '60' ),
                                                                ( '52', '61' ),
                                                                ( '52', '62' ),
                                                                ( '53', '63' ),
                                                                ( '53', '64' ),
                                                                ( '53', '65' );

insert into CARD(card_id, cardname, image) VALUES
                                                ('68', 'Cardname68','randomimage68'),
                                                ('69', 'Cardname69','randomimage69'),
                                                ('70', 'Cardname70','randomimage70'),
                                                ('71','Cardname71','randomimage71'),
                                                ('72','Cardname72','randomimage72'),
                                                ('73','Cardname73','randomimage73'),
                                                ('74','Cardname74','randomimage74'),
                                                ('75','Cardname75','randomimage75'),
                                                ('76','Cardname76','randomimage76'),
                                                ('77','Cardname77','randomimage77'),
                                                ('78','Cardname78','randomimage78'),
                                                ('79','Cardname79','randomimage79'),
                                                ('80','Cardname80','randomimage80'),
                                                ('81','Cardname81','randomimage81'),
                                                ('82','Cardname82','randomimage82'),
                                                ('83','Cardname83','randomimage83'),
                                                ('84','Cardname84','randomimage84'),
                                                ('85','Cardname85','randomimage85'),
                                                ('86','Cardname86','randomimage86'),
                                                ('87','Cardname87','randomimage87');


insert into STAT(stat_id, statname, stattype, statvalue, valuestypes) VALUES

    ('88', 'Statname1', '0','2','null'),
    ('89', 'Statname2', '1','2','null'),
    ('90', 'Statname3', '2','1','1'),
    ('91', 'Statname1', '0','5','null'),
    ('92', 'Statname2', '1','80','null'),
    ('93', 'Statname3', '2','102','1'),
    ('94', 'Statname1', '0','1','null'),
    ('95', 'Statname2', '1','300','null'),
    ('96', 'Statname3', '2','200','1'),
    ('97', 'Statname1', '0','3','null'),
    ('98', 'Statname2', '1','103','null'),
    ('99', 'Statname3', '2','5','1'),
    ('100', 'Statname1', '0','1','null'),
    ('101', 'Statname2', '1','45','null'),
    ('102', 'Statname3', '2','99','1'),
    ('103', 'Statname1', '0','4','null'),
    ('104', 'Statname2', '1','4','null'),
    ('105', 'Statname3', '2','4','1'),
    ('106', 'Statname1', '0','3','null'),
    ('107', 'Statname2', '1','89','null'),
    ('108', 'Statname3', '2','35','1'),
    ('109', 'Statname1', '0','5','null'),
    ('110', 'Statname2', '1','333','null'),
    ('111', 'Statname3', '2','1000','1'),
    ('112', 'Statname1', '0','2','null'),
    ('113', 'Statname2', '1','50','null'),
    ('114', 'Statname3', '2','120','1'),
    ('115', 'Statname1', '0','1','null'),
    ('116', 'Statname2', '1','99','null'),
    ('117', 'Statname3', '2','30','1'),
    ('118', 'Statname1', '0','4','null'),
    ('119', 'Statname2', '1','444','null'),
    ('120', 'Statname3', '2','329','1'),
    ('121', 'Statname1', '0','1','null'),
    ('122', 'Statname2', '1','1','null'),
    ('123', 'Statname3', '2','1','1'),
    ('124', 'Statname1', '0','4','null'),
    ('125', 'Statname2', '1','74','null'),
    ('126', 'Statname3', '2','39','1'),
    ('127', 'Statname1', '0','2','null'),
    ('128', 'Statname2', '1','790','null'),
    ('129', 'Statname3', '2','530','1'),
    ('130', 'Statname1', '0','5','null'),
    ('131', 'Statname2', '1','37','null'),
    ('132', 'Statname3', '2','102','1'),
    ('133', 'Statname1', '0','2','null'),
    ('134', 'Statname2', '1','23','null'),
    ('135', 'Statname3', '2','70','1'),
    ('136', 'Statname1', '0','5','null'),
    ('137', 'Statname2', '1','8','null'),
    ('138', 'Statname3', '2','77','1');




insert into CARD_CARDSTATS(card_card_id, cardstats_stat_id) VALUES
                                                                ('71', '88'),
                                                                ('71', '89'),
                                                                ('72', '90'),
                                                                ('72', '91'),
                                                                ('72', '92'),
                                                                ('73', '93'),
                                                                ('73', '94'),
                                                                ('73', '95'),
                                                                ('74', '96'),
                                                                ('74', '97'),
                                                                ('74', '98'),
                                                                ('75', '99'),
                                                                ('75', '100'),
                                                                ('75', '101'),
                                                                ('76', '102'),
                                                                ('76', '103'),
                                                                ('76', '104'),
                                                                ('77', '105'),
                                                                ('77', '106'),
                                                                ('77', '107'),
                                                                ('78', '108'),
                                                                ('78', '109'),
                                                                ('78', '110'),
                                                                ('79', '111'),
                                                                ('79', '112'),
                                                                ('79', '113'),
                                                                ('80', '114'),
                                                                ('80', '115'),
                                                                ('80', '116'),
                                                                ('80', '117'),
                                                                ('81', '118'),
                                                                ('81', '119'),
                                                                ('81', '120'),
                                                                ('82', '121'),
                                                                ('82', '122'),
                                                                ('82', '123'),
                                                                ('83', '124'),
                                                                ('83', '125'),
                                                                ('83', '126'),
                                                                ('84', '127'),
                                                                ('84', '128'),
                                                                ('84', '129'),
                                                                ('85', '130'),
                                                                ('85', '131'),
                                                                ('85', '132'),
                                                                ('86', '133'),
                                                                ('86', '134'),
                                                                ('86', '135'),
                                                                ('87', '136'),
                                                                ('87', '137'),
                                                                ('87', '138');

insert into TEMPLATE(template_id) VALUES
    ('66');

insert into TEMPLATE_TEMPLATESTATS(template_template_id, templatestats_stat_id) VALUES
    ('66', '54' ),
    ('66', '55' ),
    ('66', '56' );





insert into DECK(deck_id, deckname, deckstatus, template_template_id) VALUES
    ( '67','DeckName67','1', '66');


insert into DECK_CARD_LIST(deck_deck_id, card_list_card_id) VALUES
    ( '67', '51'),
    ( '67', '52'),
    ( '67', '53'),
('67','68'),
('67','69'),
('67','70'),
('67','71'),
('67','72'),
('67','73'),
('67','74'),
('67','75'),
('67','76'),
('67','77'),
('67','78'),
('67','79'),
('67','80'),
('67','81'),
('67','82'),
('67','83'),
('67','84'),
('67','85'),
('67','86'),
('67','87');


