

insert into CARD(card_id, cardname, image) VALUES
    ('999995551', 'Cardname51','randomimage51'),
    ('999995552', 'Cardname52','randomimage52'),
    ('999995553', 'Cardname53','randomimage53'),
    ('999995568', 'Cardname68','randomimage68'),
    ('999995569', 'Cardname69','randomimage69'),
    ('999995570', 'Cardname70','randomimage70'),
    ('999995571','Cardname71','randomimage71'),
    ('999995572','Cardname72','randomimage72'),
    ('999995573','Cardname73','randomimage73'),
    ('999995574','Cardname74','randomimage74'),
    ('999995575','Cardname75','randomimage75'),
    ('999995576','Cardname76','randomimage76'),
    ('999995577','Cardname77','randomimage77'),
    ('999995578','Cardname78','randomimage78'),
    ('999995579','Cardname79','randomimage79'),
    ('999995580','Cardname80','randomimage80'),
    ('999995581','Cardname81','randomimage81'),
    ('999995582','Cardname82','randomimage82'),
    ('999995583','Cardname83','randomimage83'),
    ('999995584','Cardname84','randomimage84'),
    ('999995585','Cardname85','randomimage85'),
    ('999995586','Cardname86','randomimage86'),
    ('999995587','Cardname87','randomimage87');




insert into STAT(stat_id, statname, stattype, statvalue, valuestypes) VALUES
    ('999995554', 'StatName1', '0', null,null),
    ('999995555', 'StatName2', '1',null, null),
    ('999995556', 'StatName3', '2', null, '1');





insert into STAT(stat_id, statname, stattype, statvalue, valuestypes) VALUES
   ('999995557', 'StatName1', '0','5',null),
   ('999995558', 'StatName2', '1','10',null),
   ('999995559', 'StatName3', '2','100','1'),
   ('999995560', 'StatName1', '0', '2',null),
   ('999995561', 'StatName2', '1','12',null ),
   ('999995562', 'StatName3', '2','50','1'),
   ('999995563', 'StatName1', '0', '5',null),
   ('999995564', 'StatName2', '1','8',null),
   ('999995565', 'StatName3', '2','20','1'),
   ('999995588', 'StatName1', '0','2',null),
   ('999995589', 'StatName2', '1','2',null),
   ('999995590', 'StatName3', '2','1','1'),
   ('999995591', 'StatName1', '0','5',null),
   ('999995592', 'StatName2', '1','80',null),
   ('999995593', 'StatName3', '2','102','1'),
   ('999995594', 'StatName1', '0','1',null),
   ('999995595', 'StatName2', '1','300',null),
   ('999995596', 'StatName3', '2','200','1'),
   ('999995597', 'StatName1', '0','3',null),
   ('999995598', 'StatName2', '1','103',null),
   ('999995599', 'StatName3', '2','5','1'),
   ('999995600', 'StatName1', '0','1',null),
   ('999995601', 'StatName2', '1','45',null),
   ('999995602', 'StatName3', '2','99','1'),
   ('999995603', 'StatName1', '0','4',null),
   ('999995604', 'StatName2', '1','4',null),
   ('999995605', 'StatName3', '2','4','1'),
   ('999995606', 'StatName1', '0','3',null),
   ('999995607', 'StatName2', '1','89',null),
   ('999995608', 'StatName3', '2','35','1'),
   ('999995609', 'StatName1', '0','5',null),
   ('999995610', 'StatName2', '1','333',null),
   ('999995611', 'StatName3', '2','1000','1'),
   ('999995612', 'StatName1', '0','2',null),
   ('999995613', 'StatName2', '1','50',null),
   ('999995614', 'StatName3', '2','120','1'),
   ('999995615', 'StatName1', '0','1',null),
   ('999995616', 'StatName2', '1','99',null),
   ('999995617', 'StatName3', '2','30','1'),
   ('999995618', 'StatName1', '0','4',null),
   ('999995619', 'StatName2', '1','444',null),
   ('999995620', 'StatName3', '2','329','1'),
   ('999995621', 'StatName1', '0','1',null),
   ('999995622', 'StatName2', '1','1',null),
   ('999995623', 'StatName3', '2','1','1'),
   ('999995624', 'StatName1', '0','4',null),
   ('999995625', 'StatName2', '1','74',null),
   ('999995626', 'StatName3', '2','39','1'),
   ('999995627', 'StatName1', '0','2',null),
   ('999995628', 'StatName2', '1','790',null),
   ('999995629', 'StatName3', '2','530','1'),
   ('999995630', 'StatName1', '0','5',null),
   ('999995631', 'StatName2', '1','37',null),
   ('999995632', 'StatName3', '2','102','1'),
   ('999995633', 'StatName1', '0','2',null),
   ('999995634', 'StatName2', '1','23',null),
   ('999995635', 'StatName3', '2','70','1'),
   ('999995636', 'StatName1', '0','5',null),
   ('999995637', 'StatName2', '1','8',null),
   ('999995638', 'StatName3', '2','77','1'),
   ('999995639', 'StatName1', '0','4',null),
   ('999995640', 'StatName2', '1','77',null),
   ('999995641', 'StatName3', '2','77','1'),
   ('999995642', 'StatName1', '0','2',null),
   ('999995643', 'StatName2', '1','77',null),
   ('999995644', 'StatName3', '2','77','1'),
   ('999995645', 'StatName1', '0','5',null),
   ('999995646', 'StatName2', '1','77',null),
   ('999995647', 'StatName3', '2','77','1');


insert into CARD_CARDSTATS(card_card_id, cardstats_stat_id) VALUES

                                                                ('999995551', '999995557'),
                                                                ('999995551', '999995558' ),
                                                                ('999995551', '999995559' ),
                                                                ('999995552', '999995560' ),
                                                                ('999995552', '999995561' ),
                                                                ('999995552', '999995562' ),
                                                                ('999995553', '999995563' ),
                                                                ('999995553', '999995564' ),
                                                                ('999995553', '999995565' ),
                                                                ('999995568', '999995588'),
                                                                ('999995568', '999995589'),
                                                                ('999995568', '999995590'),
                                                                ('999995569', '999995591'),
                                                                ('999995569', '999995592'),
                                                                ('999995569', '999995593'),
                                                                ('999995570', '999995594'),
                                                                ('999995570', '999995595'),
                                                                ('999995570', '999995596'),
                                                                ('999995571', '999995597'),
                                                                ('999995571', '999995598'),
                                                                ('999995571', '999995599'),
                                                                ('999995572', '999995600'),
                                                                ('999995572', '999995601'),
                                                                ('999995572', '999995602'),
                                                                ('999995573', '999995603'),
                                                                ('999995573', '999995604'),
                                                                ('999995573', '999995605'),
                                                                ('999995574', '999995606'),
                                                                ('999995574', '999995607'),
                                                                ('999995574', '999995608'),
                                                                ('999995575', '999995609'),
                                                                ('999995575', '999995610'),
                                                                ('999995575', '999995611'),
                                                                ('999995576', '999995612'),
                                                                ('999995576', '999995613'),
                                                                ('999995576', '999995614'),
                                                                ('999995577', '999995615'),
                                                                ('999995577', '999995616'),
                                                                ('999995577', '999995617'),
                                                                ('999995578', '999995618'),
                                                                ('999995578', '999995619'),
                                                                ('999995578', '999995620'),
                                                                ('999995579', '999995621'),
                                                                ('999995579', '999995622'),
                                                                ('999995579', '999995623'),
                                                                ('999995580', '999995624'),
                                                                ('999995580', '999995625'),
                                                                ('999995580', '999995626'),
                                                                ('999995581', '999995627'),
                                                                ('999995581', '999995628'),
                                                                ('999995581', '999995629'),
                                                                ('999995582', '999995630'),
                                                                ('999995582', '999995631'),
                                                                ('999995582', '999995632'),
                                                                ('999995583', '999995633'),
                                                                ('999995583', '999995634'),
                                                                ('999995583', '999995635'),
                                                                ('999995584', '999995636'),
                                                                ('999995584', '999995637'),
                                                                ('999995584', '999995638'),
                                                                ('999995585', '999995639'),
                                                                ('999995585', '999995640'),
                                                                ('999995585', '999995641'),
                                                                ('999995586', '999995642'),
                                                                ('999995586', '999995643'),
                                                                ('999995586', '999995644'),
                                                                ('999995587', '999995645'),
                                                                ('999995587', '999995646'),
                                                                ('999995587', '999995647');


insert into TEMPLATE(template_id) VALUES
    ('999995566');

insert into TEMPLATE_TEMPLATESTATS(template_template_id, templatestats_stat_id) VALUES
    ('999995566', '999995554' ),
    ('999995566', '999995555' ),
    ('999995566', '999995556' );





insert into DECK(deck_id, deckname, deckstatus, template_template_id) VALUES
    ( '999995567','DeckName999995567','1', '999995566');


insert into DECK_CARD_LIST(deck_deck_id, card_list_card_id) VALUES

                                                                ('999995567','999995551'),
                                                                ('999995567','999995552'),
                                                                ('999995567','999995553'),
                                                                ('999995567','999995568'),
                                                                ('999995567','999995569'),
                                                                ('999995567','999995570'),
                                                                ('999995567','999995571'),
                                                                ('999995567','999995572'),
                                                                ('999995567','999995573'),
                                                                ('999995567','999995574'),
                                                                ('999995567','999995575'),
                                                                ('999995567','999995576'),
                                                                ('999995567','999995577'),
                                                                ('999995567','999995578'),
                                                                ('999995567','999995579'),
                                                                ('999995567','999995580'),
                                                                ('999995567','999995581'),
                                                                ('999995567','999995582'),
                                                                ('999995567','999995583'),
                                                                ('999995567','999995584'),
                                                                ('999995567','999995585'),
                                                                ('999995567','999995586'),
                                                                ('999995567','999995587');







